HLA,HLA_sequence,peptide,y_pred,y_prob
HLA-A*11:01,YYAMYQENVAQTDVDTLYIIYRDYTWAAQAYRWY,AEAFIQSA,0,0.0001
HLA-A*11:01,YYAMYQENVAQTDVDTLYIIYRDYTWAAQAYRWY,AEAFIQ,0,0.0008
HLA-A*11:01,YYAMYQENVAQTDVDTLYIIYRDYTWAAQAYRWY,AEAFIQPI,1,0.5539
HLA-A*68:01,YYAMYRNNVAQTDVDTLYIMYRDYTWAVWAYTWY,KVYEGVWKKA,0,0.1742
HLA-A*68:01,YYAMYRNNVAQTDVDTLYIMYRDYTWAVWAYTWY,VYEGVWKKAE,0,0.0
HLA-A*68:01,YYAMYRNNVAQTDVDTLYIMYRDYTWAVWAYTWY,YEGVWKKAEA,0,0.0
HLA-A*68:01,YYAMYRNNVAQTDVDTLYIMYRDYTWAVWAYTWY,EGVWKKAEAF,0,0.0
HLA-A*68:01,YYAMYRNNVAQTDVDTLYIMYRDYTWAVWAYTWY,GVWKKAEAFI,0,0.0
HLA-A*68:01,YYAMYRNNVAQTDVDTLYIMYRDYTWAVWAYTWY,VWKKAEAFIQ,0,0.0
HLA-A*68:01,YYAMYRNNVAQTDVDTLYIMYRDYTWAVWAYTWY,WKKAEAFIQP,0,0.0
HLA-A*68:01,YYAMYRNNVAQTDVDTLYIMYRDYTWAVWAYTWY,KKAEAFIQPI,0,0.0
HLA-A*11:01,YYAMYQENVAQTDVDTLYIIYRDYTWAAQAYRWY,EAFIQPITR,1,0.9998
HLA-A*11:01,YYAMYQENVAQTDVDTLYIIYRDYTWAAQAYRWY,KVYEGVWKK,1,1.0
HLA-A*68:01,YYAMYRNNVAQTDVDTLYIMYRDYTWAVWAYTWY,SELFRSGLDSY,0,0.0018
HLA-A*68:01,YYAMYRNNVAQTDVDTLYIMYRDYTWAVWAYTWY,SELFRSGLDS,0,0.0
HLA-A*68:01,YYAMYRNNVAQTDVDTLYIMYRDYTWAVWAYTWY,ELFRSGLDSY,1,0.9993
HLA-A*68:01,YYAMYRNNVAQTDVDTLYIMYRDYTWAVWAYTWY,FRSGLDSYV,0,0.0
HLA-A*68:01,YYAMYRNNVAQTDVDTLYIMYRDYTWAVWAYTWY,PSDTRQMLFY,0,0.0017
