original_peptide,mutation_peptide,mutation_position_AAtype,mutation_AA_number,sequence similarity,HLA,HLA_sequence,y_pred,y_prob
ELFRSGLDSY,ELFRSGLDSY,,1,1.0,HLA-A*68:01,YYAMYRNNVAQTDVDTLYIMYRDYTWAVWAYTWY,1,0.9993
ELFRSGLDSY,ETFRSGLDSY,2|L/T,1,0.9,HLA-A*68:01,YYAMYRNNVAQTDVDTLYIMYRDYTWAVWAYTWY,1,1.0
ELFRSGLDSY,DLFRSGLDSY,1|E/D,1,0.9,HLA-A*68:01,YYAMYRNNVAQTDVDTLYIMYRDYTWAVWAYTWY,1,0.9998
ELFRSGLDSY,EVFRSGLDSY,2|L/V,1,0.9,HLA-A*68:01,YYAMYRNNVAQTDVDTLYIMYRDYTWAVWAYTWY,1,1.0
ELFRSGLDSY,SLFRSGLDSY,1|E/S,1,0.9,HLA-A*68:01,YYAMYRNNVAQTDVDTLYIMYRDYTWAVWAYTWY,1,0.9995
ELFRSGLDSY,ELFRSGLDSK,10|Y/K,1,0.9,HLA-A*68:01,YYAMYRNNVAQTDVDTLYIMYRDYTWAVWAYTWY,1,1.0
ELFRSGLDSY,ELFRSGLDSR,10|Y/R,1,0.9,HLA-A*68:01,YYAMYRNNVAQTDVDTLYIMYRDYTWAVWAYTWY,1,0.9939
ELFRSGLDSY,ESFRSGLDSY,2|L/S,1,0.9,HLA-A*68:01,YYAMYRNNVAQTDVDTLYIMYRDYTWAVWAYTWY,1,1.0
ELFRSGLDSY,SLFRSGLDSK,"1|E/S,10|Y/K",2,0.8,HLA-A*68:01,YYAMYRNNVAQTDVDTLYIMYRDYTWAVWAYTWY,1,0.9999
ELFRSGLDSY,ESFRSGLVSY,"2|L/S,8|D/V",2,0.8,HLA-A*68:01,YYAMYRNNVAQTDVDTLYIMYRDYTWAVWAYTWY,1,0.9999
ELFRSGLDSY,ESFRSGLISY,"2|L/S,8|D/I",2,0.8,HLA-A*68:01,YYAMYRNNVAQTDVDTLYIMYRDYTWAVWAYTWY,1,1.0
ELFRSGLDSY,ESFRSGLDTY,"2|L/S,9|S/T",2,0.8,HLA-A*68:01,YYAMYRNNVAQTDVDTLYIMYRDYTWAVWAYTWY,1,1.0
ELFRSGLDSY,ESFRSGLDLY,"2|L/S,9|S/L",2,0.8,HLA-A*68:01,YYAMYRNNVAQTDVDTLYIMYRDYTWAVWAYTWY,1,1.0
ELFRSGLDSY,DLFRSGLDSR,"1|E/D,10|Y/R",2,0.8,HLA-A*68:01,YYAMYRNNVAQTDVDTLYIMYRDYTWAVWAYTWY,1,0.9332
ELFRSGLDSY,EVARSGLDSY,"2|L/V,3|F/A",2,0.8,HLA-A*68:01,YYAMYRNNVAQTDVDTLYIMYRDYTWAVWAYTWY,1,1.0
ELFRSGLDSY,EVFRSGLDLY,"2|L/V,9|S/L",2,0.8,HLA-A*68:01,YYAMYRNNVAQTDVDTLYIMYRDYTWAVWAYTWY,1,1.0
ELFRSGLDSY,ESFRSGLDSR,"2|L/S,10|Y/R",2,0.8,HLA-A*68:01,YYAMYRNNVAQTDVDTLYIMYRDYTWAVWAYTWY,1,1.0
ELFRSGLDSY,SVFRSGLDSY,"1|E/S,2|L/V",2,0.8,HLA-A*68:01,YYAMYRNNVAQTDVDTLYIMYRDYTWAVWAYTWY,1,1.0
ELFRSGLDSY,ESARSGLDSY,"2|L/S,3|F/A",2,0.8,HLA-A*68:01,YYAMYRNNVAQTDVDTLYIMYRDYTWAVWAYTWY,1,0.9997
ELFRSGLDSY,ETFRSGLDTY,"2|L/T,9|S/T",2,0.8,HLA-A*68:01,YYAMYRNNVAQTDVDTLYIMYRDYTWAVWAYTWY,1,1.0
ELFRSGLDSY,SLFRSGLDSR,"1|E/S,10|Y/R",2,0.8,HLA-A*68:01,YYAMYRNNVAQTDVDTLYIMYRDYTWAVWAYTWY,1,0.9729
ELFRSGLDSY,ETFRSGLDLY,"2|L/T,9|S/L",2,0.8,HLA-A*68:01,YYAMYRNNVAQTDVDTLYIMYRDYTWAVWAYTWY,1,1.0
ELFRSGLDSY,ETFRSGLDSK,"2|L/T,10|Y/K",2,0.8,HLA-A*68:01,YYAMYRNNVAQTDVDTLYIMYRDYTWAVWAYTWY,1,1.0
ELFRSGLDSY,EVIRSGLDSY,"2|L/V,3|F/I",2,0.8,HLA-A*68:01,YYAMYRNNVAQTDVDTLYIMYRDYTWAVWAYTWY,1,1.0
ELFRSGLDSY,ETIRSGLDSY,"2|L/T,3|F/I",2,0.8,HLA-A*68:01,YYAMYRNNVAQTDVDTLYIMYRDYTWAVWAYTWY,1,1.0
ELFRSGLDSY,ETFRSGLDSR,"2|L/T,10|Y/R",2,0.8,HLA-A*68:01,YYAMYRNNVAQTDVDTLYIMYRDYTWAVWAYTWY,1,1.0
ELFRSGLDSY,DTFRSGLDSY,"1|E/D,2|L/T",2,0.8,HLA-A*68:01,YYAMYRNNVAQTDVDTLYIMYRDYTWAVWAYTWY,1,1.0
ELFRSGLDSY,ESFRSGLDNY,"2|L/S,9|S/N",2,0.8,HLA-A*68:01,YYAMYRNNVAQTDVDTLYIMYRDYTWAVWAYTWY,1,1.0
ELFRSGLDSY,ETARSGLDSY,"2|L/T,3|F/A",2,0.8,HLA-A*68:01,YYAMYRNNVAQTDVDTLYIMYRDYTWAVWAYTWY,1,1.0
ELFRSGLDSY,DVFRSGLDSY,"1|E/D,2|L/V",2,0.8,HLA-A*68:01,YYAMYRNNVAQTDVDTLYIMYRDYTWAVWAYTWY,1,1.0
ELFRSGLDSY,EVFRSGLISY,"2|L/V,8|D/I",2,0.8,HLA-A*68:01,YYAMYRNNVAQTDVDTLYIMYRDYTWAVWAYTWY,1,1.0
ELFRSGLDSY,ETFRSGLVSY,"2|L/T,8|D/V",2,0.8,HLA-A*68:01,YYAMYRNNVAQTDVDTLYIMYRDYTWAVWAYTWY,1,1.0
ELFRSGLDSY,EVFRSGLDTY,"2|L/V,9|S/T",2,0.8,HLA-A*68:01,YYAMYRNNVAQTDVDTLYIMYRDYTWAVWAYTWY,1,1.0
ELFRSGLDSY,DSFRSGLDSY,"1|E/D,2|L/S",2,0.8,HLA-A*68:01,YYAMYRNNVAQTDVDTLYIMYRDYTWAVWAYTWY,1,1.0
ELFRSGLDSY,SSFRSGLDSY,"1|E/S,2|L/S",2,0.8,HLA-A*68:01,YYAMYRNNVAQTDVDTLYIMYRDYTWAVWAYTWY,1,1.0
ELFRSGLDSY,EVFRSGLDNY,"2|L/V,9|S/N",2,0.8,HLA-A*68:01,YYAMYRNNVAQTDVDTLYIMYRDYTWAVWAYTWY,1,1.0
ELFRSGLDSY,EVFRSGLDSR,"2|L/V,10|Y/R",2,0.8,HLA-A*68:01,YYAMYRNNVAQTDVDTLYIMYRDYTWAVWAYTWY,1,1.0
ELFRSGLDSY,ESFRSGLLSY,"2|L/S,8|D/L",2,0.8,HLA-A*68:01,YYAMYRNNVAQTDVDTLYIMYRDYTWAVWAYTWY,1,1.0
ELFRSGLDSY,ESFRSGLDSK,"2|L/S,10|Y/K",2,0.8,HLA-A*68:01,YYAMYRNNVAQTDVDTLYIMYRDYTWAVWAYTWY,1,1.0
ELFRSGLDSY,ETFRSGLISY,"2|L/T,8|D/I",2,0.8,HLA-A*68:01,YYAMYRNNVAQTDVDTLYIMYRDYTWAVWAYTWY,1,1.0
ELFRSGLDSY,ETFRSGLDNY,"2|L/T,9|S/N",2,0.8,HLA-A*68:01,YYAMYRNNVAQTDVDTLYIMYRDYTWAVWAYTWY,1,1.0
ELFRSGLDSY,ESIRSGLDSY,"2|L/S,3|F/I",2,0.8,HLA-A*68:01,YYAMYRNNVAQTDVDTLYIMYRDYTWAVWAYTWY,1,0.9999
ELFRSGLDSY,STFRSGLDSY,"1|E/S,2|L/T",2,0.8,HLA-A*68:01,YYAMYRNNVAQTDVDTLYIMYRDYTWAVWAYTWY,1,1.0
ELFRSGLDSY,DLFRSGLDSK,"1|E/D,10|Y/K",2,0.8,HLA-A*68:01,YYAMYRNNVAQTDVDTLYIMYRDYTWAVWAYTWY,1,1.0
ELFRSGLDSY,ETFRSGLLSY,"2|L/T,8|D/L",2,0.8,HLA-A*68:01,YYAMYRNNVAQTDVDTLYIMYRDYTWAVWAYTWY,1,1.0
ELFRSGLDSY,EVFRSGLDSK,"2|L/V,10|Y/K",2,0.8,HLA-A*68:01,YYAMYRNNVAQTDVDTLYIMYRDYTWAVWAYTWY,1,1.0
ELFRSGLDSY,EVFRSGLLSY,"2|L/V,8|D/L",2,0.8,HLA-A*68:01,YYAMYRNNVAQTDVDTLYIMYRDYTWAVWAYTWY,1,1.0
ELFRSGLDSY,EVFRSGLVSY,"2|L/V,8|D/V",2,0.8,HLA-A*68:01,YYAMYRNNVAQTDVDTLYIMYRDYTWAVWAYTWY,1,1.0
ELFRSGLDSY,ETFRIGLVSY,"2|L/T,5|S/I,8|D/V",3,0.7,HLA-A*68:01,YYAMYRNNVAQTDVDTLYIMYRDYTWAVWAYTWY,1,1.0
ELFRSGLDSY,DSFRSGLDLY,"1|E/D,2|L/S,9|S/L",3,0.7,HLA-A*68:01,YYAMYRNNVAQTDVDTLYIMYRDYTWAVWAYTWY,1,1.0
ELFRSGLDSY,SSFRSGLDNY,"1|E/S,2|L/S,9|S/N",3,0.7,HLA-A*68:01,YYAMYRNNVAQTDVDTLYIMYRDYTWAVWAYTWY,1,0.9999
ELFRSGLDSY,DVFRSGLDTY,"1|E/D,2|L/V,9|S/T",3,0.7,HLA-A*68:01,YYAMYRNNVAQTDVDTLYIMYRDYTWAVWAYTWY,1,1.0
ELFRSGLDSY,DVARSGLDSY,"1|E/D,2|L/V,3|F/A",3,0.7,HLA-A*68:01,YYAMYRNNVAQTDVDTLYIMYRDYTWAVWAYTWY,1,1.0
ELFRSGLDSY,ETFRVGLLSY,"2|L/T,5|S/V,8|D/L",3,0.7,HLA-A*68:01,YYAMYRNNVAQTDVDTLYIMYRDYTWAVWAYTWY,1,1.0
ELFRSGLDSY,DSFRSGLISY,"1|E/D,2|L/S,8|D/I",3,0.7,HLA-A*68:01,YYAMYRNNVAQTDVDTLYIMYRDYTWAVWAYTWY,1,0.9995
ELFRSGLDSY,ESARSGLDSK,"2|L/S,3|F/A,10|Y/K",3,0.7,HLA-A*68:01,YYAMYRNNVAQTDVDTLYIMYRDYTWAVWAYTWY,1,0.9999
ELFRSGLDSY,EVFRSGLISK,"2|L/V,8|D/I,10|Y/K",3,0.7,HLA-A*68:01,YYAMYRNNVAQTDVDTLYIMYRDYTWAVWAYTWY,1,1.0
ELFRSGLDSY,EVFRSGLLSR,"2|L/V,8|D/L,10|Y/R",3,0.7,HLA-A*68:01,YYAMYRNNVAQTDVDTLYIMYRDYTWAVWAYTWY,1,1.0
ELFRSGLDSY,STIRSGLDSY,"1|E/S,2|L/T,3|F/I",3,0.7,HLA-A*68:01,YYAMYRNNVAQTDVDTLYIMYRDYTWAVWAYTWY,1,1.0
ELFRSGLDSY,DSFRSGLVSY,"1|E/D,2|L/S,8|D/V",3,0.7,HLA-A*68:01,YYAMYRNNVAQTDVDTLYIMYRDYTWAVWAYTWY,1,0.9997
ELFRSGLDSY,SVFRSGLVSY,"1|E/S,2|L/V,8|D/V",3,0.7,HLA-A*68:01,YYAMYRNNVAQTDVDTLYIMYRDYTWAVWAYTWY,1,1.0
ELFRSGLDSY,ESFRSGLLSK,"2|L/S,8|D/L,10|Y/K",3,0.7,HLA-A*68:01,YYAMYRNNVAQTDVDTLYIMYRDYTWAVWAYTWY,1,1.0
ELFRSGLDSY,STARSGLDSY,"1|E/S,2|L/T,3|F/A",3,0.7,HLA-A*68:01,YYAMYRNNVAQTDVDTLYIMYRDYTWAVWAYTWY,1,0.9995
ELFRSGLDSY,ETFRSGLVSK,"2|L/T,8|D/V,10|Y/K",3,0.7,HLA-A*68:01,YYAMYRNNVAQTDVDTLYIMYRDYTWAVWAYTWY,1,1.0
ELFRSGLDSY,ETFRSGLISK,"2|L/T,8|D/I,10|Y/K",3,0.7,HLA-A*68:01,YYAMYRNNVAQTDVDTLYIMYRDYTWAVWAYTWY,1,1.0
ELFRSGLDSY,ESFRIGLVSY,"2|L/S,5|S/I,8|D/V",3,0.7,HLA-A*68:01,YYAMYRNNVAQTDVDTLYIMYRDYTWAVWAYTWY,1,1.0
ELFRSGLDSY,ETIRSGLDSK,"2|L/T,3|F/I,10|Y/K",3,0.7,HLA-A*68:01,YYAMYRNNVAQTDVDTLYIMYRDYTWAVWAYTWY,1,1.0
ELFRSGLDSY,ETFRIGLISY,"2|L/T,5|S/I,8|D/I",3,0.7,HLA-A*68:01,YYAMYRNNVAQTDVDTLYIMYRDYTWAVWAYTWY,1,1.0
ELFRSGLDSY,ESFRIGLISY,"2|L/S,5|S/I,8|D/I",3,0.7,HLA-A*68:01,YYAMYRNNVAQTDVDTLYIMYRDYTWAVWAYTWY,1,1.0
ELFRSGLDSY,ESFRVGLISY,"2|L/S,5|S/V,8|D/I",3,0.7,HLA-A*68:01,YYAMYRNNVAQTDVDTLYIMYRDYTWAVWAYTWY,1,1.0
ELFRSGLDSY,EVFRVGLISY,"2|L/V,5|S/V,8|D/I",3,0.7,HLA-A*68:01,YYAMYRNNVAQTDVDTLYIMYRDYTWAVWAYTWY,1,1.0
ELFRSGLDSY,EVARSGLDSK,"2|L/V,3|F/A,10|Y/K",3,0.7,HLA-A*68:01,YYAMYRNNVAQTDVDTLYIMYRDYTWAVWAYTWY,1,1.0
ELFRSGLDSY,DVFRSGLLSY,"1|E/D,2|L/V,8|D/L",3,0.7,HLA-A*68:01,YYAMYRNNVAQTDVDTLYIMYRDYTWAVWAYTWY,1,1.0
ELFRSGLDSY,SVFRSGLISY,"1|E/S,2|L/V,8|D/I",3,0.7,HLA-A*68:01,YYAMYRNNVAQTDVDTLYIMYRDYTWAVWAYTWY,1,1.0
ELFRSGLDSY,DTFRSGLVSY,"1|E/D,2|L/T,8|D/V",3,0.7,HLA-A*68:01,YYAMYRNNVAQTDVDTLYIMYRDYTWAVWAYTWY,1,1.0
ELFRSGLDSY,ETARSGLDSR,"2|L/T,3|F/A,10|Y/R",3,0.7,HLA-A*68:01,YYAMYRNNVAQTDVDTLYIMYRDYTWAVWAYTWY,1,1.0
ELFRSGLDSY,EVFRSGLISR,"2|L/V,8|D/I,10|Y/R",3,0.7,HLA-A*68:01,YYAMYRNNVAQTDVDTLYIMYRDYTWAVWAYTWY,1,1.0
ELFRSGLDSY,DVIRSGLDSY,"1|E/D,2|L/V,3|F/I",3,0.7,HLA-A*68:01,YYAMYRNNVAQTDVDTLYIMYRDYTWAVWAYTWY,1,1.0
ELFRSGLDSY,ESIRSGLDLY,"2|L/S,3|F/I,9|S/L",3,0.7,HLA-A*68:01,YYAMYRNNVAQTDVDTLYIMYRDYTWAVWAYTWY,1,1.0
ELFRSGLDSY,EVIRSGLDNY,"2|L/V,3|F/I,9|S/N",3,0.7,HLA-A*68:01,YYAMYRNNVAQTDVDTLYIMYRDYTWAVWAYTWY,1,1.0
ELFRSGLDSY,SVFRSGLDLY,"1|E/S,2|L/V,9|S/L",3,0.7,HLA-A*68:01,YYAMYRNNVAQTDVDTLYIMYRDYTWAVWAYTWY,1,1.0
ELFRSGLDSY,ESFRLGLISY,"2|L/S,5|S/L,8|D/I",3,0.7,HLA-A*68:01,YYAMYRNNVAQTDVDTLYIMYRDYTWAVWAYTWY,1,1.0
ELFRSGLDSY,SVFRSGLDTY,"1|E/S,2|L/V,9|S/T",3,0.7,HLA-A*68:01,YYAMYRNNVAQTDVDTLYIMYRDYTWAVWAYTWY,1,1.0
ELFRSGLDSY,DTFRSGLISY,"1|E/D,2|L/T,8|D/I",3,0.7,HLA-A*68:01,YYAMYRNNVAQTDVDTLYIMYRDYTWAVWAYTWY,1,1.0
ELFRSGLDSY,DVFRSGLDSR,"1|E/D,2|L/V,10|Y/R",3,0.7,HLA-A*68:01,YYAMYRNNVAQTDVDTLYIMYRDYTWAVWAYTWY,1,0.9999
ELFRSGLDSY,EVFRLGLVSY,"2|L/V,5|S/L,8|D/V",3,0.7,HLA-A*68:01,YYAMYRNNVAQTDVDTLYIMYRDYTWAVWAYTWY,1,1.0
ELFRSGLDSY,DTIRSGLDSY,"1|E/D,2|L/T,3|F/I",3,0.7,HLA-A*68:01,YYAMYRNNVAQTDVDTLYIMYRDYTWAVWAYTWY,1,1.0
ELFRSGLDSY,STFRSGLDSR,"1|E/S,2|L/T,10|Y/R",3,0.7,HLA-A*68:01,YYAMYRNNVAQTDVDTLYIMYRDYTWAVWAYTWY,1,1.0
ELFRSGLDSY,SVFRSGLDSK,"1|E/S,2|L/V,10|Y/K",3,0.7,HLA-A*68:01,YYAMYRNNVAQTDVDTLYIMYRDYTWAVWAYTWY,1,1.0
ELFRSGLDSY,ETFRSGLLSK,"2|L/T,8|D/L,10|Y/K",3,0.7,HLA-A*68:01,YYAMYRNNVAQTDVDTLYIMYRDYTWAVWAYTWY,1,1.0
ELFRSGLDSY,EVFRSGLVSR,"2|L/V,8|D/V,10|Y/R",3,0.7,HLA-A*68:01,YYAMYRNNVAQTDVDTLYIMYRDYTWAVWAYTWY,1,1.0
ELFRSGLDSY,DVFRSGLDSK,"1|E/D,2|L/V,10|Y/K",3,0.7,HLA-A*68:01,YYAMYRNNVAQTDVDTLYIMYRDYTWAVWAYTWY,1,1.0
ELFRSGLDSY,ETARSGLDSK,"2|L/T,3|F/A,10|Y/K",3,0.7,HLA-A*68:01,YYAMYRNNVAQTDVDTLYIMYRDYTWAVWAYTWY,1,1.0
ELFRSGLDSY,EVFRSGLLSK,"2|L/V,8|D/L,10|Y/K",3,0.7,HLA-A*68:01,YYAMYRNNVAQTDVDTLYIMYRDYTWAVWAYTWY,1,1.0
ELFRSGLDSY,SVFRSGLDNY,"1|E/S,2|L/V,9|S/N",3,0.7,HLA-A*68:01,YYAMYRNNVAQTDVDTLYIMYRDYTWAVWAYTWY,1,1.0
ELFRSGLDSY,SSFRSGLDLY,"1|E/S,2|L/S,9|S/L",3,0.7,HLA-A*68:01,YYAMYRNNVAQTDVDTLYIMYRDYTWAVWAYTWY,1,1.0
ELFRSGLDSY,ETIRSGLDSR,"2|L/T,3|F/I,10|Y/R",3,0.7,HLA-A*68:01,YYAMYRNNVAQTDVDTLYIMYRDYTWAVWAYTWY,1,1.0
ELFRSGLDSY,DTFRSGLLSY,"1|E/D,2|L/T,8|D/L",3,0.7,HLA-A*68:01,YYAMYRNNVAQTDVDTLYIMYRDYTWAVWAYTWY,1,1.0
ELFRSGLDSY,ETFRSGLISR,"2|L/T,8|D/I,10|Y/R",3,0.7,HLA-A*68:01,YYAMYRNNVAQTDVDTLYIMYRDYTWAVWAYTWY,1,1.0
ELFRSGLDSY,SVFRSGLDSR,"1|E/S,2|L/V,10|Y/R",3,0.7,HLA-A*68:01,YYAMYRNNVAQTDVDTLYIMYRDYTWAVWAYTWY,1,1.0
ELFRSGLDSY,DVFRSGLISY,"1|E/D,2|L/V,8|D/I",3,0.7,HLA-A*68:01,YYAMYRNNVAQTDVDTLYIMYRDYTWAVWAYTWY,1,1.0
ELFRSGLDSY,ESFRSGLLSR,"2|L/S,8|D/L,10|Y/R",3,0.7,HLA-A*68:01,YYAMYRNNVAQTDVDTLYIMYRDYTWAVWAYTWY,1,1.0
ELFRSGLDSY,DSFRSGLDTY,"1|E/D,2|L/S,9|S/T",3,0.7,HLA-A*68:01,YYAMYRNNVAQTDVDTLYIMYRDYTWAVWAYTWY,1,0.9998
ELFRSGLDSY,ESIRSGLDTY,"2|L/S,3|F/I,9|S/T",3,0.7,HLA-A*68:01,YYAMYRNNVAQTDVDTLYIMYRDYTWAVWAYTWY,1,1.0
ELFRSGLDSY,DVFRSGLVSY,"1|E/D,2|L/V,8|D/V",3,0.7,HLA-A*68:01,YYAMYRNNVAQTDVDTLYIMYRDYTWAVWAYTWY,1,1.0
ELFRSGLDSY,ETIRSGLDNY,"2|L/T,3|F/I,9|S/N",3,0.7,HLA-A*68:01,YYAMYRNNVAQTDVDTLYIMYRDYTWAVWAYTWY,1,1.0
ELFRSGLDSY,ESARSGLDNY,"2|L/S,3|F/A,9|S/N",3,0.7,HLA-A*68:01,YYAMYRNNVAQTDVDTLYIMYRDYTWAVWAYTWY,1,0.9953
ELFRSGLDSY,EVFRVGLVSY,"2|L/V,5|S/V,8|D/V",3,0.7,HLA-A*68:01,YYAMYRNNVAQTDVDTLYIMYRDYTWAVWAYTWY,1,1.0
ELFRSGLDSY,EVARSGLDSR,"2|L/V,3|F/A,10|Y/R",3,0.7,HLA-A*68:01,YYAMYRNNVAQTDVDTLYIMYRDYTWAVWAYTWY,1,0.9996
ELFRSGLDSY,SVIRSGLDSY,"1|E/S,2|L/V,3|F/I",3,0.7,HLA-A*68:01,YYAMYRNNVAQTDVDTLYIMYRDYTWAVWAYTWY,1,1.0
ELFRSGLDSY,ESFRSGLISK,"2|L/S,8|D/I,10|Y/K",3,0.7,HLA-A*68:01,YYAMYRNNVAQTDVDTLYIMYRDYTWAVWAYTWY,1,1.0
ELFRSGLDSY,ESFRLGLLSY,"2|L/S,5|S/L,8|D/L",3,0.7,HLA-A*68:01,YYAMYRNNVAQTDVDTLYIMYRDYTWAVWAYTWY,1,1.0
ELFRSGLDSY,DSFRSGLLSY,"1|E/D,2|L/S,8|D/L",3,0.7,HLA-A*68:01,YYAMYRNNVAQTDVDTLYIMYRDYTWAVWAYTWY,1,0.9997
ELFRSGLDSY,ESIRSGLDSK,"2|L/S,3|F/I,10|Y/K",3,0.7,HLA-A*68:01,YYAMYRNNVAQTDVDTLYIMYRDYTWAVWAYTWY,1,1.0
ELFRSGLDSY,ESFRIGLLSY,"2|L/S,5|S/I,8|D/L",3,0.7,HLA-A*68:01,YYAMYRNNVAQTDVDTLYIMYRDYTWAVWAYTWY,1,1.0
ELFRSGLDSY,ESARSGLDTY,"2|L/S,3|F/A,9|S/T",3,0.7,HLA-A*68:01,YYAMYRNNVAQTDVDTLYIMYRDYTWAVWAYTWY,1,0.9994
ELFRSGLDSY,SSARSGLDSY,"1|E/S,2|L/S,3|F/A",3,0.7,HLA-A*68:01,YYAMYRNNVAQTDVDTLYIMYRDYTWAVWAYTWY,1,0.9794
ELFRSGLDSY,EVIRSGLDSK,"2|L/V,3|F/I,10|Y/K",3,0.7,HLA-A*68:01,YYAMYRNNVAQTDVDTLYIMYRDYTWAVWAYTWY,1,1.0
ELFRSGLDSY,EVFRLGLLSY,"2|L/V,5|S/L,8|D/L",3,0.7,HLA-A*68:01,YYAMYRNNVAQTDVDTLYIMYRDYTWAVWAYTWY,1,1.0
ELFRSGLDSY,ESIRSGLDNY,"2|L/S,3|F/I,9|S/N",3,0.7,HLA-A*68:01,YYAMYRNNVAQTDVDTLYIMYRDYTWAVWAYTWY,1,0.9995
ELFRSGLDSY,SVFRSGLLSY,"1|E/S,2|L/V,8|D/L",3,0.7,HLA-A*68:01,YYAMYRNNVAQTDVDTLYIMYRDYTWAVWAYTWY,1,1.0
ELFRSGLDSY,ESFRSGLVSK,"2|L/S,8|D/V,10|Y/K",3,0.7,HLA-A*68:01,YYAMYRNNVAQTDVDTLYIMYRDYTWAVWAYTWY,1,1.0
ELFRSGLDSY,SSFRSGLISY,"1|E/S,2|L/S,8|D/I",3,0.7,HLA-A*68:01,YYAMYRNNVAQTDVDTLYIMYRDYTWAVWAYTWY,1,1.0
ELFRSGLDSY,STFRSGLVSY,"1|E/S,2|L/T,8|D/V",3,0.7,HLA-A*68:01,YYAMYRNNVAQTDVDTLYIMYRDYTWAVWAYTWY,1,1.0
ELFRSGLDSY,ETIRSGLDLY,"2|L/T,3|F/I,9|S/L",3,0.7,HLA-A*68:01,YYAMYRNNVAQTDVDTLYIMYRDYTWAVWAYTWY,1,1.0
ELFRSGLDSY,SSFRSGLDSK,"1|E/S,2|L/S,10|Y/K",3,0.7,HLA-A*68:01,YYAMYRNNVAQTDVDTLYIMYRDYTWAVWAYTWY,1,0.9998
ELFRSGLDSY,DTFRSGLDLY,"1|E/D,2|L/T,9|S/L",3,0.7,HLA-A*68:01,YYAMYRNNVAQTDVDTLYIMYRDYTWAVWAYTWY,1,1.0
ELFRSGLDSY,EVIRSGLDSR,"2|L/V,3|F/I,10|Y/R",3,0.7,HLA-A*68:01,YYAMYRNNVAQTDVDTLYIMYRDYTWAVWAYTWY,1,0.9998
ELFRSGLDSY,STFRSGLLSY,"1|E/S,2|L/T,8|D/L",3,0.7,HLA-A*68:01,YYAMYRNNVAQTDVDTLYIMYRDYTWAVWAYTWY,1,1.0
ELFRSGLDSY,DSARSGLDSY,"1|E/D,2|L/S,3|F/A",3,0.7,HLA-A*68:01,YYAMYRNNVAQTDVDTLYIMYRDYTWAVWAYTWY,1,0.9993
ELFRSGLDSY,DSIRSGLDSY,"1|E/D,2|L/S,3|F/I",3,0.7,HLA-A*68:01,YYAMYRNNVAQTDVDTLYIMYRDYTWAVWAYTWY,1,0.9999
ELFRSGLDSY,DTARSGLDSY,"1|E/D,2|L/T,3|F/A",3,0.7,HLA-A*68:01,YYAMYRNNVAQTDVDTLYIMYRDYTWAVWAYTWY,1,1.0
ELFRSGLDSY,ETFRVGLVSY,"2|L/T,5|S/V,8|D/V",3,0.7,HLA-A*68:01,YYAMYRNNVAQTDVDTLYIMYRDYTWAVWAYTWY,1,1.0
ELFRSGLDSY,DSFRSGLDNY,"1|E/D,2|L/S,9|S/N",3,0.7,HLA-A*68:01,YYAMYRNNVAQTDVDTLYIMYRDYTWAVWAYTWY,1,1.0
ELFRSGLDSY,ESARSGLDSR,"2|L/S,3|F/A,10|Y/R",3,0.7,HLA-A*68:01,YYAMYRNNVAQTDVDTLYIMYRDYTWAVWAYTWY,1,0.997
ELFRSGLDSY,DTFRSGLDNY,"1|E/D,2|L/T,9|S/N",3,0.7,HLA-A*68:01,YYAMYRNNVAQTDVDTLYIMYRDYTWAVWAYTWY,1,1.0
ELFRSGLDSY,SVARSGLDSY,"1|E/S,2|L/V,3|F/A",3,0.7,HLA-A*68:01,YYAMYRNNVAQTDVDTLYIMYRDYTWAVWAYTWY,1,0.9998
ELFRSGLDSY,STFRSGLDTY,"1|E/S,2|L/T,9|S/T",3,0.7,HLA-A*68:01,YYAMYRNNVAQTDVDTLYIMYRDYTWAVWAYTWY,1,1.0
ELFRSGLDSY,EVIRSGLDTY,"2|L/V,3|F/I,9|S/T",3,0.7,HLA-A*68:01,YYAMYRNNVAQTDVDTLYIMYRDYTWAVWAYTWY,1,1.0
ELFRSGLDSY,ETARSGLDTY,"2|L/T,3|F/A,9|S/T",3,0.7,HLA-A*68:01,YYAMYRNNVAQTDVDTLYIMYRDYTWAVWAYTWY,1,1.0
ELFRSGLDSY,ETARSGLDLY,"2|L/T,3|F/A,9|S/L",3,0.7,HLA-A*68:01,YYAMYRNNVAQTDVDTLYIMYRDYTWAVWAYTWY,1,1.0
ELFRSGLDSY,SSFRSGLDTY,"1|E/S,2|L/S,9|S/T",3,0.7,HLA-A*68:01,YYAMYRNNVAQTDVDTLYIMYRDYTWAVWAYTWY,1,0.9999
ELFRSGLDSY,EVFRIGLVSY,"2|L/V,5|S/I,8|D/V",3,0.7,HLA-A*68:01,YYAMYRNNVAQTDVDTLYIMYRDYTWAVWAYTWY,1,1.0
ELFRSGLDSY,ETFRSGLLSR,"2|L/T,8|D/L,10|Y/R",3,0.7,HLA-A*68:01,YYAMYRNNVAQTDVDTLYIMYRDYTWAVWAYTWY,1,1.0
ELFRSGLDSY,EVARSGLDLY,"2|L/V,3|F/A,9|S/L",3,0.7,HLA-A*68:01,YYAMYRNNVAQTDVDTLYIMYRDYTWAVWAYTWY,1,1.0
ELFRSGLDSY,ESFRLGLVSY,"2|L/S,5|S/L,8|D/V",3,0.7,HLA-A*68:01,YYAMYRNNVAQTDVDTLYIMYRDYTWAVWAYTWY,1,1.0
ELFRSGLDSY,DTFRSGLDSR,"1|E/D,2|L/T,10|Y/R",3,0.7,HLA-A*68:01,YYAMYRNNVAQTDVDTLYIMYRDYTWAVWAYTWY,1,1.0
ELFRSGLDSY,SSFRSGLDSR,"1|E/S,2|L/S,10|Y/R",3,0.7,HLA-A*68:01,YYAMYRNNVAQTDVDTLYIMYRDYTWAVWAYTWY,1,0.9985
ELFRSGLDSY,EVIRSGLDLY,"2|L/V,3|F/I,9|S/L",3,0.7,HLA-A*68:01,YYAMYRNNVAQTDVDTLYIMYRDYTWAVWAYTWY,1,1.0
ELFRSGLDSY,ETFRLGLLSY,"2|L/T,5|S/L,8|D/L",3,0.7,HLA-A*68:01,YYAMYRNNVAQTDVDTLYIMYRDYTWAVWAYTWY,1,1.0
ELFRSGLDSY,SSFRSGLLSY,"1|E/S,2|L/S,8|D/L",3,0.7,HLA-A*68:01,YYAMYRNNVAQTDVDTLYIMYRDYTWAVWAYTWY,1,0.9999
ELFRSGLDSY,DTFRSGLDTY,"1|E/D,2|L/T,9|S/T",3,0.7,HLA-A*68:01,YYAMYRNNVAQTDVDTLYIMYRDYTWAVWAYTWY,1,1.0
ELFRSGLDSY,ESIRSGLDSR,"2|L/S,3|F/I,10|Y/R",3,0.7,HLA-A*68:01,YYAMYRNNVAQTDVDTLYIMYRDYTWAVWAYTWY,1,0.9996
ELFRSGLDSY,DSFRSGLDSK,"1|E/D,2|L/S,10|Y/K",3,0.7,HLA-A*68:01,YYAMYRNNVAQTDVDTLYIMYRDYTWAVWAYTWY,1,1.0
ELFRSGLDSY,EVFRLGLISY,"2|L/V,5|S/L,8|D/I",3,0.7,HLA-A*68:01,YYAMYRNNVAQTDVDTLYIMYRDYTWAVWAYTWY,1,1.0
ELFRSGLDSY,ETARSGLDNY,"2|L/T,3|F/A,9|S/N",3,0.7,HLA-A*68:01,YYAMYRNNVAQTDVDTLYIMYRDYTWAVWAYTWY,1,0.9999
ELFRSGLDSY,ETFRLGLVSY,"2|L/T,5|S/L,8|D/V",3,0.7,HLA-A*68:01,YYAMYRNNVAQTDVDTLYIMYRDYTWAVWAYTWY,1,1.0
ELFRSGLDSY,EVARSGLDTY,"2|L/V,3|F/A,9|S/T",3,0.7,HLA-A*68:01,YYAMYRNNVAQTDVDTLYIMYRDYTWAVWAYTWY,1,1.0
ELFRSGLDSY,STFRSGLISY,"1|E/S,2|L/T,8|D/I",3,0.7,HLA-A*68:01,YYAMYRNNVAQTDVDTLYIMYRDYTWAVWAYTWY,1,1.0
ELFRSGLDSY,ESARSGLDLY,"2|L/S,3|F/A,9|S/L",3,0.7,HLA-A*68:01,YYAMYRNNVAQTDVDTLYIMYRDYTWAVWAYTWY,1,1.0
ELFRSGLDSY,ESFRSGLVSR,"2|L/S,8|D/V,10|Y/R",3,0.7,HLA-A*68:01,YYAMYRNNVAQTDVDTLYIMYRDYTWAVWAYTWY,1,1.0
ELFRSGLDSY,ESFRVGLLSY,"2|L/S,5|S/V,8|D/L",3,0.7,HLA-A*68:01,YYAMYRNNVAQTDVDTLYIMYRDYTWAVWAYTWY,1,0.9999
ELFRSGLDSY,ETFRVGLISY,"2|L/T,5|S/V,8|D/I",3,0.7,HLA-A*68:01,YYAMYRNNVAQTDVDTLYIMYRDYTWAVWAYTWY,1,1.0
ELFRSGLDSY,DVFRSGLDNY,"1|E/D,2|L/V,9|S/N",3,0.7,HLA-A*68:01,YYAMYRNNVAQTDVDTLYIMYRDYTWAVWAYTWY,1,1.0
ELFRSGLDSY,EVFRVGLLSY,"2|L/V,5|S/V,8|D/L",3,0.7,HLA-A*68:01,YYAMYRNNVAQTDVDTLYIMYRDYTWAVWAYTWY,1,1.0
ELFRSGLDSY,EVFRIGLISY,"2|L/V,5|S/I,8|D/I",3,0.7,HLA-A*68:01,YYAMYRNNVAQTDVDTLYIMYRDYTWAVWAYTWY,1,1.0
ELFRSGLDSY,ETFRIGLLSY,"2|L/T,5|S/I,8|D/L",3,0.7,HLA-A*68:01,YYAMYRNNVAQTDVDTLYIMYRDYTWAVWAYTWY,1,1.0
ELFRSGLDSY,SSIRSGLDSY,"1|E/S,2|L/S,3|F/I",3,0.7,HLA-A*68:01,YYAMYRNNVAQTDVDTLYIMYRDYTWAVWAYTWY,1,0.9995
ELFRSGLDSY,EVARSGLDNY,"2|L/V,3|F/A,9|S/N",3,0.7,HLA-A*68:01,YYAMYRNNVAQTDVDTLYIMYRDYTWAVWAYTWY,1,0.9997
ELFRSGLDSY,ETFRLGLISY,"2|L/T,5|S/L,8|D/I",3,0.7,HLA-A*68:01,YYAMYRNNVAQTDVDTLYIMYRDYTWAVWAYTWY,1,1.0
ELFRSGLDSY,STFRSGLDNY,"1|E/S,2|L/T,9|S/N",3,0.7,HLA-A*68:01,YYAMYRNNVAQTDVDTLYIMYRDYTWAVWAYTWY,1,1.0
ELFRSGLDSY,DSFRSGLDSR,"1|E/D,2|L/S,10|Y/R",3,0.7,HLA-A*68:01,YYAMYRNNVAQTDVDTLYIMYRDYTWAVWAYTWY,1,0.9995
ELFRSGLDSY,EVFRIGLLSY,"2|L/V,5|S/I,8|D/L",3,0.7,HLA-A*68:01,YYAMYRNNVAQTDVDTLYIMYRDYTWAVWAYTWY,1,1.0
ELFRSGLDSY,SSFRSGLVSY,"1|E/S,2|L/S,8|D/V",3,0.7,HLA-A*68:01,YYAMYRNNVAQTDVDTLYIMYRDYTWAVWAYTWY,1,0.9999
ELFRSGLDSY,ESFRSGLISR,"2|L/S,8|D/I,10|Y/R",3,0.7,HLA-A*68:01,YYAMYRNNVAQTDVDTLYIMYRDYTWAVWAYTWY,1,1.0
ELFRSGLDSY,DVFRSGLDLY,"1|E/D,2|L/V,9|S/L",3,0.7,HLA-A*68:01,YYAMYRNNVAQTDVDTLYIMYRDYTWAVWAYTWY,1,1.0
ELFRSGLDSY,ETFRSGLVSR,"2|L/T,8|D/V,10|Y/R",3,0.7,HLA-A*68:01,YYAMYRNNVAQTDVDTLYIMYRDYTWAVWAYTWY,1,1.0
ELFRSGLDSY,STFRSGLDLY,"1|E/S,2|L/T,9|S/L",3,0.7,HLA-A*68:01,YYAMYRNNVAQTDVDTLYIMYRDYTWAVWAYTWY,1,1.0
ELFRSGLDSY,DTFRSGLDSK,"1|E/D,2|L/T,10|Y/K",3,0.7,HLA-A*68:01,YYAMYRNNVAQTDVDTLYIMYRDYTWAVWAYTWY,1,1.0
ELFRSGLDSY,EVFRSGLVSK,"2|L/V,8|D/V,10|Y/K",3,0.7,HLA-A*68:01,YYAMYRNNVAQTDVDTLYIMYRDYTWAVWAYTWY,1,1.0
ELFRSGLDSY,STFRSGLDSK,"1|E/S,2|L/T,10|Y/K",3,0.7,HLA-A*68:01,YYAMYRNNVAQTDVDTLYIMYRDYTWAVWAYTWY,1,1.0
ELFRSGLDSY,ETIRSGLDTY,"2|L/T,3|F/I,9|S/T",3,0.7,HLA-A*68:01,YYAMYRNNVAQTDVDTLYIMYRDYTWAVWAYTWY,1,1.0
ELFRSGLDSY,ESFRVGLVSY,"2|L/S,5|S/V,8|D/V",3,0.7,HLA-A*68:01,YYAMYRNNVAQTDVDTLYIMYRDYTWAVWAYTWY,1,1.0
ELFRSGLDSY,ETFRIGLISK,"2|L/T,5|S/I,8|D/I,10|Y/K",4,0.6,HLA-A*68:01,YYAMYRNNVAQTDVDTLYIMYRDYTWAVWAYTWY,1,1.0
ELFRSGLDSY,DTARSGLDNY,"1|E/D,2|L/T,3|F/A,9|S/N",4,0.6,HLA-A*68:01,YYAMYRNNVAQTDVDTLYIMYRDYTWAVWAYTWY,1,1.0
ELFRSGLDSY,SSIRSGLDTY,"1|E/S,2|L/S,3|F/I,9|S/T",4,0.6,HLA-A*68:01,YYAMYRNNVAQTDVDTLYIMYRDYTWAVWAYTWY,1,0.9999
ELFRSGLDSY,STIRSGLDLY,"1|E/S,2|L/T,3|F/I,9|S/L",4,0.6,HLA-A*68:01,YYAMYRNNVAQTDVDTLYIMYRDYTWAVWAYTWY,1,1.0
ELFRSGLDSY,STARSGLDSK,"1|E/S,2|L/T,3|F/A,10|Y/K",4,0.6,HLA-A*68:01,YYAMYRNNVAQTDVDTLYIMYRDYTWAVWAYTWY,1,1.0
ELFRSGLDSY,ETFRVGLLSK,"2|L/T,5|S/V,8|D/L,10|Y/K",4,0.6,HLA-A*68:01,YYAMYRNNVAQTDVDTLYIMYRDYTWAVWAYTWY,1,1.0
ELFRSGLDSY,SSARSGLDLY,"1|E/S,2|L/S,3|F/A,9|S/L",4,0.6,HLA-A*68:01,YYAMYRNNVAQTDVDTLYIMYRDYTWAVWAYTWY,1,0.9937
ELFRSGLDSY,SVFRSGLVSK,"1|E/S,2|L/V,8|D/V,10|Y/K",4,0.6,HLA-A*68:01,YYAMYRNNVAQTDVDTLYIMYRDYTWAVWAYTWY,1,1.0
ELFRSGLDSY,SSARSGLDNY,"1|E/S,2|L/S,3|F/A,9|S/N",4,0.6,HLA-A*68:01,YYAMYRNNVAQTDVDTLYIMYRDYTWAVWAYTWY,1,0.8421
ELFRSGLDSY,DTFRSGLISK,"1|E/D,2|L/T,8|D/I,10|Y/K",4,0.6,HLA-A*68:01,YYAMYRNNVAQTDVDTLYIMYRDYTWAVWAYTWY,1,1.0
ELFRSGLDSY,EVFRVGLISK,"2|L/V,5|S/V,8|D/I,10|Y/K",4,0.6,HLA-A*68:01,YYAMYRNNVAQTDVDTLYIMYRDYTWAVWAYTWY,1,1.0
ELFRSGLDSY,SVARSGLDSK,"1|E/S,2|L/V,3|F/A,10|Y/K",4,0.6,HLA-A*68:01,YYAMYRNNVAQTDVDTLYIMYRDYTWAVWAYTWY,1,1.0
ELFRSGLDSY,ESFRLGLISR,"2|L/S,5|S/L,8|D/I,10|Y/R",4,0.6,HLA-A*68:01,YYAMYRNNVAQTDVDTLYIMYRDYTWAVWAYTWY,1,1.0
ELFRSGLDSY,SVIRSGLDTY,"1|E/S,2|L/V,3|F/I,9|S/T",4,0.6,HLA-A*68:01,YYAMYRNNVAQTDVDTLYIMYRDYTWAVWAYTWY,1,1.0
ELFRSGLDSY,DTARSGLDSK,"1|E/D,2|L/T,3|F/A,10|Y/K",4,0.6,HLA-A*68:01,YYAMYRNNVAQTDVDTLYIMYRDYTWAVWAYTWY,1,1.0
ELFRSGLDSY,SVFRSGLLSK,"1|E/S,2|L/V,8|D/L,10|Y/K",4,0.6,HLA-A*68:01,YYAMYRNNVAQTDVDTLYIMYRDYTWAVWAYTWY,1,1.0
ELFRSGLDSY,ESFRVGLISK,"2|L/S,5|S/V,8|D/I,10|Y/K",4,0.6,HLA-A*68:01,YYAMYRNNVAQTDVDTLYIMYRDYTWAVWAYTWY,1,1.0
ELFRSGLDSY,SSARSGLDSK,"1|E/S,2|L/S,3|F/A,10|Y/K",4,0.6,HLA-A*68:01,YYAMYRNNVAQTDVDTLYIMYRDYTWAVWAYTWY,1,0.9986
ELFRSGLDSY,DTFRSGLLSK,"1|E/D,2|L/T,8|D/L,10|Y/K",4,0.6,HLA-A*68:01,YYAMYRNNVAQTDVDTLYIMYRDYTWAVWAYTWY,1,1.0
ELFRSGLDSY,ETFRVGLISK,"2|L/T,5|S/V,8|D/I,10|Y/K",4,0.6,HLA-A*68:01,YYAMYRNNVAQTDVDTLYIMYRDYTWAVWAYTWY,1,1.0
ELFRSGLDSY,ESFRVGLVSR,"2|L/S,5|S/V,8|D/V,10|Y/R",4,0.6,HLA-A*68:01,YYAMYRNNVAQTDVDTLYIMYRDYTWAVWAYTWY,1,1.0
ELFRSGLDSY,ETFRLGLLSK,"2|L/T,5|S/L,8|D/L,10|Y/K",4,0.6,HLA-A*68:01,YYAMYRNNVAQTDVDTLYIMYRDYTWAVWAYTWY,1,1.0
ELFRSGLDSY,STARSGLDNY,"1|E/S,2|L/T,3|F/A,9|S/N",4,0.6,HLA-A*68:01,YYAMYRNNVAQTDVDTLYIMYRDYTWAVWAYTWY,1,0.9945
ELFRSGLDSY,STIRSGLDSK,"1|E/S,2|L/T,3|F/I,10|Y/K",4,0.6,HLA-A*68:01,YYAMYRNNVAQTDVDTLYIMYRDYTWAVWAYTWY,1,1.0
ELFRSGLDSY,DVIRSGLDNY,"1|E/D,2|L/V,3|F/I,9|S/N",4,0.6,HLA-A*68:01,YYAMYRNNVAQTDVDTLYIMYRDYTWAVWAYTWY,1,1.0
ELFRSGLDSY,SSARSGLDTY,"1|E/S,2|L/S,3|F/A,9|S/T",4,0.6,HLA-A*68:01,YYAMYRNNVAQTDVDTLYIMYRDYTWAVWAYTWY,1,0.9883
ELFRSGLDSY,ETFRIGLVSK,"2|L/T,5|S/I,8|D/V,10|Y/K",4,0.6,HLA-A*68:01,YYAMYRNNVAQTDVDTLYIMYRDYTWAVWAYTWY,1,1.0
ELFRSGLDSY,ETFRLGLVSR,"2|L/T,5|S/L,8|D/V,10|Y/R",4,0.6,HLA-A*68:01,YYAMYRNNVAQTDVDTLYIMYRDYTWAVWAYTWY,1,1.0
ELFRSGLDSY,ESFRIGLISK,"2|L/S,5|S/I,8|D/I,10|Y/K",4,0.6,HLA-A*68:01,YYAMYRNNVAQTDVDTLYIMYRDYTWAVWAYTWY,1,1.0
ELFRSGLDSY,STARSGLDTY,"1|E/S,2|L/T,3|F/A,9|S/T",4,0.6,HLA-A*68:01,YYAMYRNNVAQTDVDTLYIMYRDYTWAVWAYTWY,1,0.9999
ELFRSGLDSY,DVARSGLDTY,"1|E/D,2|L/V,3|F/A,9|S/T",4,0.6,HLA-A*68:01,YYAMYRNNVAQTDVDTLYIMYRDYTWAVWAYTWY,1,0.9999
ELFRSGLDSY,DVFRSGLVSR,"1|E/D,2|L/V,8|D/V,10|Y/R",4,0.6,HLA-A*68:01,YYAMYRNNVAQTDVDTLYIMYRDYTWAVWAYTWY,1,1.0
ELFRSGLDSY,DVIRSGLDLY,"1|E/D,2|L/V,3|F/I,9|S/L",4,0.6,HLA-A*68:01,YYAMYRNNVAQTDVDTLYIMYRDYTWAVWAYTWY,1,1.0
ELFRSGLDSY,SVFRSGLVSR,"1|E/S,2|L/V,8|D/V,10|Y/R",4,0.6,HLA-A*68:01,YYAMYRNNVAQTDVDTLYIMYRDYTWAVWAYTWY,1,1.0
ELFRSGLDSY,EVFRLGLLSR,"2|L/V,5|S/L,8|D/L,10|Y/R",4,0.6,HLA-A*68:01,YYAMYRNNVAQTDVDTLYIMYRDYTWAVWAYTWY,1,1.0
ELFRSGLDSY,ESFRVGLISR,"2|L/S,5|S/V,8|D/I,10|Y/R",4,0.6,HLA-A*68:01,YYAMYRNNVAQTDVDTLYIMYRDYTWAVWAYTWY,1,1.0
ELFRSGLDSY,STFRSGLISK,"1|E/S,2|L/T,8|D/I,10|Y/K",4,0.6,HLA-A*68:01,YYAMYRNNVAQTDVDTLYIMYRDYTWAVWAYTWY,1,1.0
ELFRSGLDSY,SVARSGLDLY,"1|E/S,2|L/V,3|F/A,9|S/L",4,0.6,HLA-A*68:01,YYAMYRNNVAQTDVDTLYIMYRDYTWAVWAYTWY,1,1.0
ELFRSGLDSY,ESFRIGLLSK,"2|L/S,5|S/I,8|D/L,10|Y/K",4,0.6,HLA-A*68:01,YYAMYRNNVAQTDVDTLYIMYRDYTWAVWAYTWY,1,1.0
ELFRSGLDSY,SSIRSGLDNY,"1|E/S,2|L/S,3|F/I,9|S/N",4,0.6,HLA-A*68:01,YYAMYRNNVAQTDVDTLYIMYRDYTWAVWAYTWY,1,0.999
ELFRSGLDSY,DTARSGLDSR,"1|E/D,2|L/T,3|F/A,10|Y/R",4,0.6,HLA-A*68:01,YYAMYRNNVAQTDVDTLYIMYRDYTWAVWAYTWY,1,1.0
ELFRSGLDSY,DVARSGLDSK,"1|E/D,2|L/V,3|F/A,10|Y/K",4,0.6,HLA-A*68:01,YYAMYRNNVAQTDVDTLYIMYRDYTWAVWAYTWY,1,1.0
ELFRSGLDSY,EVFRLGLISR,"2|L/V,5|S/L,8|D/I,10|Y/R",4,0.6,HLA-A*68:01,YYAMYRNNVAQTDVDTLYIMYRDYTWAVWAYTWY,1,1.0
ELFRSGLDSY,ESFRIGLLSR,"2|L/S,5|S/I,8|D/L,10|Y/R",4,0.6,HLA-A*68:01,YYAMYRNNVAQTDVDTLYIMYRDYTWAVWAYTWY,1,1.0
ELFRSGLDSY,SVARSGLDTY,"1|E/S,2|L/V,3|F/A,9|S/T",4,0.6,HLA-A*68:01,YYAMYRNNVAQTDVDTLYIMYRDYTWAVWAYTWY,1,0.9998
ELFRSGLDSY,EVFRIGLISR,"2|L/V,5|S/I,8|D/I,10|Y/R",4,0.6,HLA-A*68:01,YYAMYRNNVAQTDVDTLYIMYRDYTWAVWAYTWY,1,1.0
ELFRSGLDSY,DSARSGLDNY,"1|E/D,2|L/S,3|F/A,9|S/N",4,0.6,HLA-A*68:01,YYAMYRNNVAQTDVDTLYIMYRDYTWAVWAYTWY,1,0.9906
ELFRSGLDSY,DTIRSGLDTY,"1|E/D,2|L/T,3|F/I,9|S/T",4,0.6,HLA-A*68:01,YYAMYRNNVAQTDVDTLYIMYRDYTWAVWAYTWY,1,1.0
ELFRSGLDSY,SVIRSGLDNY,"1|E/S,2|L/V,3|F/I,9|S/N",4,0.6,HLA-A*68:01,YYAMYRNNVAQTDVDTLYIMYRDYTWAVWAYTWY,1,1.0
ELFRSGLDSY,ETFRIGLISR,"2|L/T,5|S/I,8|D/I,10|Y/R",4,0.6,HLA-A*68:01,YYAMYRNNVAQTDVDTLYIMYRDYTWAVWAYTWY,1,1.0
ELFRSGLDSY,SSIRSGLDLY,"1|E/S,2|L/S,3|F/I,9|S/L",4,0.6,HLA-A*68:01,YYAMYRNNVAQTDVDTLYIMYRDYTWAVWAYTWY,1,0.9999
ELFRSGLDSY,ESFRLGLVSK,"2|L/S,5|S/L,8|D/V,10|Y/K",4,0.6,HLA-A*68:01,YYAMYRNNVAQTDVDTLYIMYRDYTWAVWAYTWY,1,1.0
ELFRSGLDSY,ESFRIGLVSR,"2|L/S,5|S/I,8|D/V,10|Y/R",4,0.6,HLA-A*68:01,YYAMYRNNVAQTDVDTLYIMYRDYTWAVWAYTWY,1,1.0
ELFRSGLDSY,SVFRSGLISR,"1|E/S,2|L/V,8|D/I,10|Y/R",4,0.6,HLA-A*68:01,YYAMYRNNVAQTDVDTLYIMYRDYTWAVWAYTWY,1,1.0
ELFRSGLDSY,DVIRSGLDSR,"1|E/D,2|L/V,3|F/I,10|Y/R",4,0.6,HLA-A*68:01,YYAMYRNNVAQTDVDTLYIMYRDYTWAVWAYTWY,1,0.9997
ELFRSGLDSY,DSIRSGLDTY,"1|E/D,2|L/S,3|F/I,9|S/T",4,0.6,HLA-A*68:01,YYAMYRNNVAQTDVDTLYIMYRDYTWAVWAYTWY,1,0.9996
ELFRSGLDSY,ETFRIGLLSR,"2|L/T,5|S/I,8|D/L,10|Y/R",4,0.6,HLA-A*68:01,YYAMYRNNVAQTDVDTLYIMYRDYTWAVWAYTWY,1,1.0
ELFRSGLDSY,DVFRSGLISR,"1|E/D,2|L/V,8|D/I,10|Y/R",4,0.6,HLA-A*68:01,YYAMYRNNVAQTDVDTLYIMYRDYTWAVWAYTWY,1,1.0
ELFRSGLDSY,SSFRSGLISR,"1|E/S,2|L/S,8|D/I,10|Y/R",4,0.6,HLA-A*68:01,YYAMYRNNVAQTDVDTLYIMYRDYTWAVWAYTWY,1,1.0
ELFRSGLDSY,SSFRSGLVSR,"1|E/S,2|L/S,8|D/V,10|Y/R",4,0.6,HLA-A*68:01,YYAMYRNNVAQTDVDTLYIMYRDYTWAVWAYTWY,1,1.0
ELFRSGLDSY,ETFRIGLLSK,"2|L/T,5|S/I,8|D/L,10|Y/K",4,0.6,HLA-A*68:01,YYAMYRNNVAQTDVDTLYIMYRDYTWAVWAYTWY,1,1.0
ELFRSGLDSY,STFRSGLVSR,"1|E/S,2|L/T,8|D/V,10|Y/R",4,0.6,HLA-A*68:01,YYAMYRNNVAQTDVDTLYIMYRDYTWAVWAYTWY,1,1.0
ELFRSGLDSY,ESFRVGLLSK,"2|L/S,5|S/V,8|D/L,10|Y/K",4,0.6,HLA-A*68:01,YYAMYRNNVAQTDVDTLYIMYRDYTWAVWAYTWY,1,1.0
ELFRSGLDSY,DSARSGLDSR,"1|E/D,2|L/S,3|F/A,10|Y/R",4,0.6,HLA-A*68:01,YYAMYRNNVAQTDVDTLYIMYRDYTWAVWAYTWY,1,0.9413
ELFRSGLDSY,ETFRLGLISR,"2|L/T,5|S/L,8|D/I,10|Y/R",4,0.6,HLA-A*68:01,YYAMYRNNVAQTDVDTLYIMYRDYTWAVWAYTWY,1,1.0
ELFRSGLDSY,EVFRLGLISK,"2|L/V,5|S/L,8|D/I,10|Y/K",4,0.6,HLA-A*68:01,YYAMYRNNVAQTDVDTLYIMYRDYTWAVWAYTWY,1,1.0
ELFRSGLDSY,DSIRSGLDSK,"1|E/D,2|L/S,3|F/I,10|Y/K",4,0.6,HLA-A*68:01,YYAMYRNNVAQTDVDTLYIMYRDYTWAVWAYTWY,1,1.0
ELFRSGLDSY,DVFRSGLVSK,"1|E/D,2|L/V,8|D/V,10|Y/K",4,0.6,HLA-A*68:01,YYAMYRNNVAQTDVDTLYIMYRDYTWAVWAYTWY,1,1.0
ELFRSGLDSY,DSARSGLDLY,"1|E/D,2|L/S,3|F/A,9|S/L",4,0.6,HLA-A*68:01,YYAMYRNNVAQTDVDTLYIMYRDYTWAVWAYTWY,1,0.9987
ELFRSGLDSY,DVFRSGLLSR,"1|E/D,2|L/V,8|D/L,10|Y/R",4,0.6,HLA-A*68:01,YYAMYRNNVAQTDVDTLYIMYRDYTWAVWAYTWY,1,1.0
ELFRSGLDSY,ETFRVGLVSR,"2|L/T,5|S/V,8|D/V,10|Y/R",4,0.6,HLA-A*68:01,YYAMYRNNVAQTDVDTLYIMYRDYTWAVWAYTWY,1,1.0
ELFRSGLDSY,ESFRIGLISR,"2|L/S,5|S/I,8|D/I,10|Y/R",4,0.6,HLA-A*68:01,YYAMYRNNVAQTDVDTLYIMYRDYTWAVWAYTWY,1,1.0
ELFRSGLDSY,DSFRSGLISK,"1|E/D,2|L/S,8|D/I,10|Y/K",4,0.6,HLA-A*68:01,YYAMYRNNVAQTDVDTLYIMYRDYTWAVWAYTWY,1,1.0
ELFRSGLDSY,SSFRSGLLSK,"1|E/S,2|L/S,8|D/L,10|Y/K",4,0.6,HLA-A*68:01,YYAMYRNNVAQTDVDTLYIMYRDYTWAVWAYTWY,1,0.9999
ELFRSGLDSY,SSARSGLDSR,"1|E/S,2|L/S,3|F/A,10|Y/R",4,0.6,HLA-A*68:01,YYAMYRNNVAQTDVDTLYIMYRDYTWAVWAYTWY,1,0.9429
ELFRSGLDSY,SSFRSGLLSR,"1|E/S,2|L/S,8|D/L,10|Y/R",4,0.6,HLA-A*68:01,YYAMYRNNVAQTDVDTLYIMYRDYTWAVWAYTWY,1,1.0
ELFRSGLDSY,DVIRSGLDTY,"1|E/D,2|L/V,3|F/I,9|S/T",4,0.6,HLA-A*68:01,YYAMYRNNVAQTDVDTLYIMYRDYTWAVWAYTWY,1,1.0
ELFRSGLDSY,EVFRLGLLSK,"2|L/V,5|S/L,8|D/L,10|Y/K",4,0.6,HLA-A*68:01,YYAMYRNNVAQTDVDTLYIMYRDYTWAVWAYTWY,1,1.0
ELFRSGLDSY,DTFRSGLVSR,"1|E/D,2|L/T,8|D/V,10|Y/R",4,0.6,HLA-A*68:01,YYAMYRNNVAQTDVDTLYIMYRDYTWAVWAYTWY,1,1.0
ELFRSGLDSY,EVFRIGLISK,"2|L/V,5|S/I,8|D/I,10|Y/K",4,0.6,HLA-A*68:01,YYAMYRNNVAQTDVDTLYIMYRDYTWAVWAYTWY,1,1.0
ELFRSGLDSY,STIRSGLDNY,"1|E/S,2|L/T,3|F/I,9|S/N",4,0.6,HLA-A*68:01,YYAMYRNNVAQTDVDTLYIMYRDYTWAVWAYTWY,1,0.9999
ELFRSGLDSY,EVFRIGLLSK,"2|L/V,5|S/I,8|D/L,10|Y/K",4,0.6,HLA-A*68:01,YYAMYRNNVAQTDVDTLYIMYRDYTWAVWAYTWY,1,1.0
ELFRSGLDSY,DVIRSGLDSK,"1|E/D,2|L/V,3|F/I,10|Y/K",4,0.6,HLA-A*68:01,YYAMYRNNVAQTDVDTLYIMYRDYTWAVWAYTWY,1,1.0
ELFRSGLDSY,SVFRSGLLSR,"1|E/S,2|L/V,8|D/L,10|Y/R",4,0.6,HLA-A*68:01,YYAMYRNNVAQTDVDTLYIMYRDYTWAVWAYTWY,1,1.0
ELFRSGLDSY,STIRSGLDSR,"1|E/S,2|L/T,3|F/I,10|Y/R",4,0.6,HLA-A*68:01,YYAMYRNNVAQTDVDTLYIMYRDYTWAVWAYTWY,1,1.0
ELFRSGLDSY,EVFRLGLVSR,"2|L/V,5|S/L,8|D/V,10|Y/R",4,0.6,HLA-A*68:01,YYAMYRNNVAQTDVDTLYIMYRDYTWAVWAYTWY,1,1.0
ELFRSGLDSY,ETFRIGLVSR,"2|L/T,5|S/I,8|D/V,10|Y/R",4,0.6,HLA-A*68:01,YYAMYRNNVAQTDVDTLYIMYRDYTWAVWAYTWY,1,1.0
ELFRSGLDSY,DTARSGLDLY,"1|E/D,2|L/T,3|F/A,9|S/L",4,0.6,HLA-A*68:01,YYAMYRNNVAQTDVDTLYIMYRDYTWAVWAYTWY,1,1.0
ELFRSGLDSY,SSIRSGLDSR,"1|E/S,2|L/S,3|F/I,10|Y/R",4,0.6,HLA-A*68:01,YYAMYRNNVAQTDVDTLYIMYRDYTWAVWAYTWY,1,0.9968
ELFRSGLDSY,DTFRSGLLSR,"1|E/D,2|L/T,8|D/L,10|Y/R",4,0.6,HLA-A*68:01,YYAMYRNNVAQTDVDTLYIMYRDYTWAVWAYTWY,1,1.0
ELFRSGLDSY,DTIRSGLDLY,"1|E/D,2|L/T,3|F/I,9|S/L",4,0.6,HLA-A*68:01,YYAMYRNNVAQTDVDTLYIMYRDYTWAVWAYTWY,1,1.0
ELFRSGLDSY,DVARSGLDLY,"1|E/D,2|L/V,3|F/A,9|S/L",4,0.6,HLA-A*68:01,YYAMYRNNVAQTDVDTLYIMYRDYTWAVWAYTWY,1,1.0
ELFRSGLDSY,DSARSGLDTY,"1|E/D,2|L/S,3|F/A,9|S/T",4,0.6,HLA-A*68:01,YYAMYRNNVAQTDVDTLYIMYRDYTWAVWAYTWY,1,0.9932
ELFRSGLDSY,STFRSGLLSR,"1|E/S,2|L/T,8|D/L,10|Y/R",4,0.6,HLA-A*68:01,YYAMYRNNVAQTDVDTLYIMYRDYTWAVWAYTWY,1,1.0
ELFRSGLDSY,DTFRSGLVSK,"1|E/D,2|L/T,8|D/V,10|Y/K",4,0.6,HLA-A*68:01,YYAMYRNNVAQTDVDTLYIMYRDYTWAVWAYTWY,1,1.0
ELFRSGLDSY,DSFRSGLVSK,"1|E/D,2|L/S,8|D/V,10|Y/K",4,0.6,HLA-A*68:01,YYAMYRNNVAQTDVDTLYIMYRDYTWAVWAYTWY,1,1.0
ELFRSGLDSY,EVFRVGLLSK,"2|L/V,5|S/V,8|D/L,10|Y/K",4,0.6,HLA-A*68:01,YYAMYRNNVAQTDVDTLYIMYRDYTWAVWAYTWY,1,1.0
ELFRSGLDSY,DVARSGLDNY,"1|E/D,2|L/V,3|F/A,9|S/N",4,0.6,HLA-A*68:01,YYAMYRNNVAQTDVDTLYIMYRDYTWAVWAYTWY,1,0.9999
ELFRSGLDSY,ESFRLGLLSK,"2|L/S,5|S/L,8|D/L,10|Y/K",4,0.6,HLA-A*68:01,YYAMYRNNVAQTDVDTLYIMYRDYTWAVWAYTWY,1,1.0
ELFRSGLDSY,ETFRLGLISK,"2|L/T,5|S/L,8|D/I,10|Y/K",4,0.6,HLA-A*68:01,YYAMYRNNVAQTDVDTLYIMYRDYTWAVWAYTWY,1,1.0
ELFRSGLDSY,DSFRSGLISR,"1|E/D,2|L/S,8|D/I,10|Y/R",4,0.6,HLA-A*68:01,YYAMYRNNVAQTDVDTLYIMYRDYTWAVWAYTWY,1,1.0
ELFRSGLDSY,DSFRSGLLSR,"1|E/D,2|L/S,8|D/L,10|Y/R",4,0.6,HLA-A*68:01,YYAMYRNNVAQTDVDTLYIMYRDYTWAVWAYTWY,1,1.0
ELFRSGLDSY,ESFRLGLISK,"2|L/S,5|S/L,8|D/I,10|Y/K",4,0.6,HLA-A*68:01,YYAMYRNNVAQTDVDTLYIMYRDYTWAVWAYTWY,1,1.0
ELFRSGLDSY,SVFRSGLISK,"1|E/S,2|L/V,8|D/I,10|Y/K",4,0.6,HLA-A*68:01,YYAMYRNNVAQTDVDTLYIMYRDYTWAVWAYTWY,1,1.0
ELFRSGLDSY,DTIRSGLDSK,"1|E/D,2|L/T,3|F/I,10|Y/K",4,0.6,HLA-A*68:01,YYAMYRNNVAQTDVDTLYIMYRDYTWAVWAYTWY,1,1.0
ELFRSGLDSY,EVFRVGLVSR,"2|L/V,5|S/V,8|D/V,10|Y/R",4,0.6,HLA-A*68:01,YYAMYRNNVAQTDVDTLYIMYRDYTWAVWAYTWY,1,1.0
ELFRSGLDSY,ETFRLGLLSR,"2|L/T,5|S/L,8|D/L,10|Y/R",4,0.6,HLA-A*68:01,YYAMYRNNVAQTDVDTLYIMYRDYTWAVWAYTWY,1,1.0
ELFRSGLDSY,STARSGLDLY,"1|E/S,2|L/T,3|F/A,9|S/L",4,0.6,HLA-A*68:01,YYAMYRNNVAQTDVDTLYIMYRDYTWAVWAYTWY,1,1.0
ELFRSGLDSY,EVFRLGLVSK,"2|L/V,5|S/L,8|D/V,10|Y/K",4,0.6,HLA-A*68:01,YYAMYRNNVAQTDVDTLYIMYRDYTWAVWAYTWY,1,1.0
ELFRSGLDSY,DSIRSGLDSR,"1|E/D,2|L/S,3|F/I,10|Y/R",4,0.6,HLA-A*68:01,YYAMYRNNVAQTDVDTLYIMYRDYTWAVWAYTWY,1,0.9961
ELFRSGLDSY,DTIRSGLDNY,"1|E/D,2|L/T,3|F/I,9|S/N",4,0.6,HLA-A*68:01,YYAMYRNNVAQTDVDTLYIMYRDYTWAVWAYTWY,1,1.0
ELFRSGLDSY,EVFRIGLVSK,"2|L/V,5|S/I,8|D/V,10|Y/K",4,0.6,HLA-A*68:01,YYAMYRNNVAQTDVDTLYIMYRDYTWAVWAYTWY,1,1.0
ELFRSGLDSY,STFRSGLLSK,"1|E/S,2|L/T,8|D/L,10|Y/K",4,0.6,HLA-A*68:01,YYAMYRNNVAQTDVDTLYIMYRDYTWAVWAYTWY,1,1.0
ELFRSGLDSY,ESFRVGLVSK,"2|L/S,5|S/V,8|D/V,10|Y/K",4,0.6,HLA-A*68:01,YYAMYRNNVAQTDVDTLYIMYRDYTWAVWAYTWY,1,1.0
ELFRSGLDSY,DVARSGLDSR,"1|E/D,2|L/V,3|F/A,10|Y/R",4,0.6,HLA-A*68:01,YYAMYRNNVAQTDVDTLYIMYRDYTWAVWAYTWY,1,0.9985
ELFRSGLDSY,SSIRSGLDSK,"1|E/S,2|L/S,3|F/I,10|Y/K",4,0.6,HLA-A*68:01,YYAMYRNNVAQTDVDTLYIMYRDYTWAVWAYTWY,1,0.9999
ELFRSGLDSY,ESFRVGLLSR,"2|L/S,5|S/V,8|D/L,10|Y/R",4,0.6,HLA-A*68:01,YYAMYRNNVAQTDVDTLYIMYRDYTWAVWAYTWY,1,1.0
ELFRSGLDSY,DSARSGLDSK,"1|E/D,2|L/S,3|F/A,10|Y/K",4,0.6,HLA-A*68:01,YYAMYRNNVAQTDVDTLYIMYRDYTWAVWAYTWY,1,1.0
ELFRSGLDSY,DVFRSGLISK,"1|E/D,2|L/V,8|D/I,10|Y/K",4,0.6,HLA-A*68:01,YYAMYRNNVAQTDVDTLYIMYRDYTWAVWAYTWY,1,1.0
ELFRSGLDSY,DSIRSGLDNY,"1|E/D,2|L/S,3|F/I,9|S/N",4,0.6,HLA-A*68:01,YYAMYRNNVAQTDVDTLYIMYRDYTWAVWAYTWY,1,0.9976
ELFRSGLDSY,SSFRSGLISK,"1|E/S,2|L/S,8|D/I,10|Y/K",4,0.6,HLA-A*68:01,YYAMYRNNVAQTDVDTLYIMYRDYTWAVWAYTWY,1,1.0
ELFRSGLDSY,STFRSGLISR,"1|E/S,2|L/T,8|D/I,10|Y/R",4,0.6,HLA-A*68:01,YYAMYRNNVAQTDVDTLYIMYRDYTWAVWAYTWY,1,1.0
ELFRSGLDSY,STIRSGLDTY,"1|E/S,2|L/T,3|F/I,9|S/T",4,0.6,HLA-A*68:01,YYAMYRNNVAQTDVDTLYIMYRDYTWAVWAYTWY,1,1.0
ELFRSGLDSY,STFRSGLVSK,"1|E/S,2|L/T,8|D/V,10|Y/K",4,0.6,HLA-A*68:01,YYAMYRNNVAQTDVDTLYIMYRDYTWAVWAYTWY,1,1.0
ELFRSGLDSY,EVFRIGLLSR,"2|L/V,5|S/I,8|D/L,10|Y/R",4,0.6,HLA-A*68:01,YYAMYRNNVAQTDVDTLYIMYRDYTWAVWAYTWY,1,1.0
ELFRSGLDSY,SSFRSGLVSK,"1|E/S,2|L/S,8|D/V,10|Y/K",4,0.6,HLA-A*68:01,YYAMYRNNVAQTDVDTLYIMYRDYTWAVWAYTWY,1,1.0
ELFRSGLDSY,DTFRSGLISR,"1|E/D,2|L/T,8|D/I,10|Y/R",4,0.6,HLA-A*68:01,YYAMYRNNVAQTDVDTLYIMYRDYTWAVWAYTWY,1,1.0
ELFRSGLDSY,SVARSGLDSR,"1|E/S,2|L/V,3|F/A,10|Y/R",4,0.6,HLA-A*68:01,YYAMYRNNVAQTDVDTLYIMYRDYTWAVWAYTWY,1,0.9997
ELFRSGLDSY,ETFRLGLVSK,"2|L/T,5|S/L,8|D/V,10|Y/K",4,0.6,HLA-A*68:01,YYAMYRNNVAQTDVDTLYIMYRDYTWAVWAYTWY,1,1.0
ELFRSGLDSY,EVFRIGLVSR,"2|L/V,5|S/I,8|D/V,10|Y/R",4,0.6,HLA-A*68:01,YYAMYRNNVAQTDVDTLYIMYRDYTWAVWAYTWY,1,1.0
ELFRSGLDSY,EVFRVGLVSK,"2|L/V,5|S/V,8|D/V,10|Y/K",4,0.6,HLA-A*68:01,YYAMYRNNVAQTDVDTLYIMYRDYTWAVWAYTWY,1,1.0
ELFRSGLDSY,EVFRVGLISR,"2|L/V,5|S/V,8|D/I,10|Y/R",4,0.6,HLA-A*68:01,YYAMYRNNVAQTDVDTLYIMYRDYTWAVWAYTWY,1,1.0
ELFRSGLDSY,DTIRSGLDSR,"1|E/D,2|L/T,3|F/I,10|Y/R",4,0.6,HLA-A*68:01,YYAMYRNNVAQTDVDTLYIMYRDYTWAVWAYTWY,1,1.0
ELFRSGLDSY,SVARSGLDNY,"1|E/S,2|L/V,3|F/A,9|S/N",4,0.6,HLA-A*68:01,YYAMYRNNVAQTDVDTLYIMYRDYTWAVWAYTWY,1,0.9977
ELFRSGLDSY,SVIRSGLDSR,"1|E/S,2|L/V,3|F/I,10|Y/R",4,0.6,HLA-A*68:01,YYAMYRNNVAQTDVDTLYIMYRDYTWAVWAYTWY,1,0.9999
ELFRSGLDSY,DSFRSGLLSK,"1|E/D,2|L/S,8|D/L,10|Y/K",4,0.6,HLA-A*68:01,YYAMYRNNVAQTDVDTLYIMYRDYTWAVWAYTWY,1,1.0
ELFRSGLDSY,SVIRSGLDSK,"1|E/S,2|L/V,3|F/I,10|Y/K",4,0.6,HLA-A*68:01,YYAMYRNNVAQTDVDTLYIMYRDYTWAVWAYTWY,1,1.0
ELFRSGLDSY,EVFRVGLLSR,"2|L/V,5|S/V,8|D/L,10|Y/R",4,0.6,HLA-A*68:01,YYAMYRNNVAQTDVDTLYIMYRDYTWAVWAYTWY,1,1.0
ELFRSGLDSY,ESFRIGLVSK,"2|L/S,5|S/I,8|D/V,10|Y/K",4,0.6,HLA-A*68:01,YYAMYRNNVAQTDVDTLYIMYRDYTWAVWAYTWY,1,1.0
ELFRSGLDSY,DSIRSGLDLY,"1|E/D,2|L/S,3|F/I,9|S/L",4,0.6,HLA-A*68:01,YYAMYRNNVAQTDVDTLYIMYRDYTWAVWAYTWY,1,0.9997
ELFRSGLDSY,ESFRLGLLSR,"2|L/S,5|S/L,8|D/L,10|Y/R",4,0.6,HLA-A*68:01,YYAMYRNNVAQTDVDTLYIMYRDYTWAVWAYTWY,1,1.0
ELFRSGLDSY,DSFRSGLVSR,"1|E/D,2|L/S,8|D/V,10|Y/R",4,0.6,HLA-A*68:01,YYAMYRNNVAQTDVDTLYIMYRDYTWAVWAYTWY,1,1.0
ELFRSGLDSY,SVIRSGLDLY,"1|E/S,2|L/V,3|F/I,9|S/L",4,0.6,HLA-A*68:01,YYAMYRNNVAQTDVDTLYIMYRDYTWAVWAYTWY,1,1.0
ELFRSGLDSY,ETFRVGLVSK,"2|L/T,5|S/V,8|D/V,10|Y/K",4,0.6,HLA-A*68:01,YYAMYRNNVAQTDVDTLYIMYRDYTWAVWAYTWY,1,1.0
ELFRSGLDSY,ETFRVGLLSR,"2|L/T,5|S/V,8|D/L,10|Y/R",4,0.6,HLA-A*68:01,YYAMYRNNVAQTDVDTLYIMYRDYTWAVWAYTWY,1,1.0
ELFRSGLDSY,STARSGLDSR,"1|E/S,2|L/T,3|F/A,10|Y/R",4,0.6,HLA-A*68:01,YYAMYRNNVAQTDVDTLYIMYRDYTWAVWAYTWY,1,0.9999
ELFRSGLDSY,ETFRVGLISR,"2|L/T,5|S/V,8|D/I,10|Y/R",4,0.6,HLA-A*68:01,YYAMYRNNVAQTDVDTLYIMYRDYTWAVWAYTWY,1,1.0
ELFRSGLDSY,ESFRLGLVSR,"2|L/S,5|S/L,8|D/V,10|Y/R",4,0.6,HLA-A*68:01,YYAMYRNNVAQTDVDTLYIMYRDYTWAVWAYTWY,1,1.0
ELFRSGLDSY,DVFRSGLLSK,"1|E/D,2|L/V,8|D/L,10|Y/K",4,0.6,HLA-A*68:01,YYAMYRNNVAQTDVDTLYIMYRDYTWAVWAYTWY,1,1.0
ELFRSGLDSY,DTARSGLDTY,"1|E/D,2|L/T,3|F/A,9|S/T",4,0.6,HLA-A*68:01,YYAMYRNNVAQTDVDTLYIMYRDYTWAVWAYTWY,1,1.0
